image_id,label
test_1000a,candy
test_1000b,vinegar
test_1000c,water
test_1000d,water
test_1001a,candy
test_1001b,juice
test_1001c,juice
test_1001d,honey
test_1002a,pasta
test_1002b,spices
test_1002c,honey
test_1002d,candy
test_1003a,milk
test_1003b,milk
test_1003c,jam
test_1003d,milk
test_1004a,soda
test_1004b,coffee
test_1004c,juice
test_1004d,fish
test_1005a,vinegar
test_1005b,cake
test_1005c,juice
test_1005d,candy
test_1006a,chocolate
test_1006b,tea
test_1006c,tomatosauce
test_1006d,vinegar
test_1007a,juice
test_1007b,water
test_1007c,chocolate
test_1007d,tomatosauce
test_1008a,soda
test_1008b,flour
test_1008c,cake
test_1008d,vinegar
test_1009a,water
test_1009b,vinegar
test_1009c,tea
test_1009d,honey
test_1010a,chocolate
test_1010b,soda
test_1010c,water
test_1010d,spices
test_1011a,beans
test_1011b,soda
test_1011c,tomatosauce
test_1011d,soda
test_1012a,candy
test_1012b,spices
test_1012c,tea
test_1012d,juice
test_1013a,candy
test_1013b,candy
test_1013c,jam
test_1013d,jam
test_1014a,candy
test_1014b,coffee
test_1014c,water
test_1014d,corn
test_1015a,pasta
test_1015b,soda
test_1015c,corn
test_1015d,cereal
test_1016a,juice
test_1016b,tomatosauce
test_1016c,tea
test_1016d,vinegar
test_1017a,rice
test_1017b,flour
test_1017c,coffee
test_1017d,tea
test_1018a,candy
test_1018b,chocolate
test_1018c,coffee
test_1018d,candy
test_1019a,milk
test_1019b,beans
test_1019c,tea
test_1019d,oil
test_1020a,water
test_1020b,cake
test_1020c,oil
test_1020d,cereal
test_1021a,vinegar
test_1021b,water
test_1021c,cereal
test_1021d,coffee
test_1022a,oil
test_1022b,juice
test_1022c,beans
test_1022d,pasta
test_1023a,tomatosauce
test_1023b,beans
test_1023c,cereal
test_1023d,water
test_1024a,spices
test_1024b,pasta
test_1024c,coffee
test_1024d,candy
test_1025a,candy
test_1025b,water
test_1025c,fish
test_1025d,fish
test_1026a,sugar
test_1026b,tea
test_1026c,honey
test_1026d,juice
test_1027a,cake
test_1027b,honey
test_1027c,tea
test_1027d,honey
test_1028a,tea
test_1028b,tea
test_1028c,nuts
test_1028d,milk
test_1029a,chocolate
test_1029b,water
test_1029c,soda
test_1029d,nuts
test_1030a,milk
test_1030b,water
test_1030c,cereal
test_1030d,jam
test_1031a,flour
test_1031b,oil
test_1031c,honey
test_1031d,coffee
test_1032a,water
test_1032b,vinegar
test_1032c,water
test_1032d,tea
test_1033a,juice
test_1033b,water
test_1033c,chocolate
test_1033d,sugar
test_1034a,vinegar
test_1034b,fish
test_1034c,soda
test_1034d,spices
test_1035a,juice
test_1035b,cake
test_1035c,chocolate
test_1035d,soda
test_1036a,chocolate
test_1036b,jam
test_1036c,vinegar
test_1036d,cereal
test_1037a,candy
test_1037b,water
test_1037c,juice
test_1037d,pasta
test_1038a,nuts
test_1038b,juice
test_1038c,rice
test_1038d,honey
test_1039a,tomatosauce
test_1039b,nuts
test_1039c,tea
test_1039d,candy
test_1040a,spices
test_1040b,cereal
test_1040c,soda
test_1040d,coffee
test_1041a,juice
test_1041b,milk
test_1041c,chocolate
test_1041d,nuts
test_1042a,beans
test_1042b,juice
test_1042c,cereal
test_1042d,cereal
test_1043a,milk
test_1043b,milk
test_1043c,juice
test_1043d,vinegar
test_1044a,water
test_1044b,cereal
test_1044c,spices
test_1044d,rice
test_1045a,coffee
test_1045b,chocolate
test_1045c,cereal
test_1045d,cake
test_1046a,chips
test_1046b,rice
test_1046c,coffee
test_1046d,soda
test_1047a,coffee
test_1047b,water
test_1047c,chips
test_1047d,tea
test_1048a,fish
test_1048b,chocolate
test_1048c,juice
test_1048d,nuts
test_1049a,milk
test_1049b,beans
test_1049c,water
test_1049d,coffee
test_1050a,rice
test_1050b,chocolate
test_1050c,coffee
test_1050d,chips
test_1051a,honey
test_1051b,chips
test_1051c,fish
test_1051d,honey
test_1052a,tomatosauce
test_1052b,corn
test_1052c,juice
test_1052d,cake
test_1053a,milk
test_1053b,soda
test_1053c,fish
test_1053d,tomatosauce
test_1054a,pasta
test_1054b,candy
test_1054c,chocolate
test_1054d,cereal
test_1055a,jam
test_1055b,milk
test_1055c,soda
test_1055d,juice
test_1056a,chips
test_1056b,oil
test_1056c,coffee
test_1056d,beans
test_1057a,sugar
test_1057b,nuts
test_1057c,soda
test_1057d,jam
test_1058a,corn
test_1058b,cake
test_1058c,spices
test_1058d,chocolate
test_1059a,spices
test_1059b,tea
test_1059c,spices
test_1059d,soda
test_1060a,flour
test_1060b,vinegar
test_1060c,vinegar
test_1060d,candy
test_1061a,milk
test_1061b,cereal
test_1061c,juice
test_1061d,spices
test_1062a,candy
test_1062b,candy
test_1062c,cereal
test_1062d,jam
test_1063a,corn
test_1063b,water
test_1063c,cake
test_1063d,honey
test_1064a,corn
test_1064b,honey
test_1064c,cake
test_1064d,vinegar
test_1065a,water
test_1065b,chips
test_1065c,pasta
test_1065d,cake
test_1066a,chocolate
test_1066b,beans
test_1066c,coffee
test_1066d,jam
test_1067a,tomatosauce
test_1067b,soda
test_1067c,vinegar
test_1067d,tea
test_1068a,juice
test_1068b,honey
test_1068c,tea
test_1068d,candy
test_1069a,candy
test_1069b,coffee
test_1069c,flour
test_1069d,coffee
test_1070a,candy
test_1070b,rice
test_1070c,flour
test_1070d,nuts
test_1071a,spices
test_1071b,chocolate
test_1071c,tea
test_1071d,water
test_1072a,coffee
test_1072b,soda
test_1072c,water
test_1072d,soda
test_1073a,chocolate
test_1073b,chips
test_1073c,rice
test_1073d,water
test_1074a,beans
test_1074b,flour
test_1074c,candy
test_1074d,jam
test_1075a,cake
test_1075b,soda
test_1075c,beans
test_1075d,rice
test_1076a,soda
test_1076b,chocolate
test_1076c,cereal
test_1076d,honey
test_1077a,water
test_1077b,coffee
test_1077c,coffee
test_1077d,chips
test_1078a,coffee
test_1078b,cake
test_1078c,water
test_1078d,tomatosauce
test_1079a,water
test_1079b,flour
test_1079c,soda
test_1079d,spices
test_1080a,cereal
test_1080b,coffee
test_1080c,coffee
test_1080d,juice
test_1081a,beans
test_1081b,fish
test_1081c,candy
test_1081d,spices
test_1082a,nuts
test_1082b,juice
test_1082c,soda
test_1082d,candy
test_1083a,water
test_1083b,oil
test_1083c,oil
test_1083d,sugar
test_1084a,honey
test_1084b,chocolate
test_1084c,vinegar
test_1084d,candy
test_1085a,cereal
test_1085b,chocolate
test_1085c,nuts
test_1085d,honey
test_1086a,coffee
test_1086b,coffee
test_1086c,soda
test_1086d,candy
test_1087a,water
test_1087b,cereal
test_1087c,juice
test_1087d,oil
test_1088a,cake
test_1088b,fish
test_1088c,jam
test_1088d,water
test_1089a,vinegar
test_1089b,vinegar
test_1089c,water
test_1089d,candy
test_1090a,juice
test_1090b,juice
test_1090c,milk
test_1090d,tomatosauce
test_1091a,candy
test_1091b,coffee
test_1091c,pasta
test_1091d,flour
test_1092a,chocolate
test_1092b,cereal
test_1092c,tea
test_1092d,pasta
test_1093a,water
test_1093b,flour
test_1093c,rice
test_1093d,water
test_1094a,jam
test_1094b,tomatosauce
test_1094c,honey
test_1094d,spices
test_1095a,vinegar
test_1095b,milk
test_1095c,soda
test_1095d,coffee
test_1096a,candy
test_1096b,chocolate
test_1096c,tea
test_1096d,coffee
test_1097a,oil
test_1097b,vinegar
test_1097c,spices
test_1097d,soda
test_1098a,candy
test_1098b,cereal
test_1098c,sugar
test_1098d,soda
test_1099a,candy
test_1099b,honey
test_1099c,nuts
test_1099d,honey
test_1100a,tomatosauce
test_1100b,water
test_1100c,cake
test_1100d,spices
test_1101a,oil
test_1101b,cereal
test_1101c,spices
test_1101d,corn
test_1102a,oil
test_1102b,candy
test_1102c,candy
test_1102d,soda
test_1103a,soda
test_1103b,chocolate
test_1103c,milk
test_1103d,water
test_1104a,milk
test_1104b,milk
test_1104c,vinegar
test_1104d,water
test_1105a,tea
test_1105b,honey
test_1105c,jam
test_1105d,spices
test_1106a,spices
test_1106b,coffee
test_1106c,tomatosauce
test_1106d,candy
test_1107a,tea
test_1107b,candy
test_1107c,oil
test_1107d,jam
test_1108a,cake
test_1108b,tomatosauce
test_1108c,candy
test_1108d,nuts
test_1109a,juice
test_1109b,chocolate
test_1109c,honey
test_1109d,nuts
test_1110a,jam
test_1110b,vinegar
test_1110c,candy
test_1110d,spices
test_1111a,rice
test_1111b,chocolate
test_1111c,cereal
test_1111d,pasta
test_1112a,coffee
test_1112b,spices
test_1112c,vinegar
test_1112d,flour
test_1113a,tea
test_1113b,coffee
test_1113c,cereal
test_1113d,nuts
test_1114a,cereal
test_1114b,cake
test_1114c,honey
test_1114d,chocolate
test_1115a,rice
test_1115b,honey
test_1115c,coffee
test_1115d,rice
test_1116a,cereal
test_1116b,coffee
test_1116c,spices
test_1116d,nuts
test_1117a,fish
test_1117b,water
test_1117c,fish
test_1117d,milk
test_1118a,cake
test_1118b,cereal
test_1118c,chips
test_1118d,tomatosauce
test_1119a,juice
test_1119b,coffee
test_1119c,milk
test_1119d,jam
test_1120a,honey
test_1120b,oil
test_1120c,spices
test_1120d,water
test_1121a,oil
test_1121b,fish
test_1121c,spices
test_1121d,juice
test_1122a,tomatosauce
test_1122b,jam
test_1122c,vinegar
test_1122d,tomatosauce
test_1123a,soda
test_1123b,jam
test_1123c,jam
test_1123d,coffee
test_1124a,water
test_1124b,water
test_1124c,cereal
test_1124d,fish
test_1125a,tea
test_1125b,water
test_1125c,rice
test_1125d,honey
test_1126a,coffee
test_1126b,chips
test_1126c,candy
test_1126d,water
test_1127a,vinegar
test_1127b,jam
test_1127c,oil
test_1127d,beans
test_1128a,jam
test_1128b,chips
test_1128c,water
test_1128d,corn
test_1129a,cake
test_1129b,nuts
test_1129c,vinegar
test_1129d,vinegar
test_1130a,coffee
test_1130b,cake
test_1130c,juice
test_1130d,vinegar
test_1131a,chocolate
test_1131b,beans
test_1131c,pasta
test_1131d,jam
test_1132a,candy
test_1132b,candy
test_1132c,cereal
test_1132d,beans
test_1133a,coffee
test_1133b,coffee
test_1133c,coffee
test_1133d,juice
test_1134a,spices
test_1134b,honey
test_1134c,tomatosauce
test_1134d,sugar
test_1135a,candy
test_1135b,soda
test_1135c,milk
test_1135d,water
test_1136a,beans
test_1136b,vinegar
test_1136c,fish
test_1136d,coffee
test_1137a,rice
test_1137b,juice
test_1137c,coffee
test_1137d,chocolate
test_1138a,spices
test_1138b,chips
test_1138c,water
test_1138d,soda
test_1139a,coffee
test_1139b,spices
test_1139c,water
test_1139d,beans
test_1140a,tea
test_1140b,milk
test_1140c,chocolate
test_1140d,cereal
test_1141a,spices
test_1141b,cake
test_1141c,nuts
test_1141d,nuts
test_1142a,chocolate
test_1142b,corn
test_1142c,water
test_1142d,cake
test_1143a,nuts
test_1143b,honey
test_1143c,juice
test_1143d,juice
test_1144a,candy
test_1144b,water
test_1144c,corn
test_1144d,coffee
test_1145a,coffee
test_1145b,flour
test_1145c,cake
test_1145d,soda
test_1146a,soda
test_1146b,nuts
test_1146c,milk
test_1146d,chocolate
test_1147a,vinegar
test_1147b,rice
test_1147c,chocolate
test_1147d,fish
test_1148a,tea
test_1148b,chips
test_1148c,cereal
test_1148d,spices
test_1149a,water
test_1149b,tea
test_1149c,honey
test_1149d,coffee
test_1150a,jam
test_1150b,tea
test_1150c,coffee
test_1150d,tomatosauce
test_1151a,honey
test_1151b,coffee
test_1151c,milk
test_1151d,chocolate
test_1152a,spices
test_1152b,spices
test_1152c,soda
test_1152d,coffee
test_1153a,pasta
test_1153b,pasta
test_1153c,jam
test_1153d,corn
test_1154a,tea
test_1154b,spices
test_1154c,spices
test_1154d,tea
test_1155a,fish
test_1155b,candy
test_1155c,nuts
test_1155d,coffee
test_1156a,tomatosauce
test_1156b,spices
test_1156c,juice
test_1156d,tea
test_1157a,tea
test_1157b,corn
test_1157c,jam
test_1157d,soda
test_1158a,nuts
test_1158b,juice
test_1158c,water
test_1158d,juice
test_1159a,beans
test_1159b,spices
test_1159c,candy
test_1159d,coffee
test_1160a,cake
test_1160b,rice
test_1160c,cake
test_1160d,cereal
test_1161a,water
test_1161b,tea
test_1161c,honey
test_1161d,tomatosauce
test_1162a,candy
test_1162b,candy
test_1162c,rice
test_1162d,candy
test_1163a,beans
test_1163b,rice
test_1163c,beans
test_1163d,oil
test_1164a,tea
test_1164b,nuts
test_1164c,tea
test_1164d,candy
test_1165a,spices
test_1165b,flour
test_1165c,spices
test_1165d,jam
test_1166a,cereal
test_1166b,spices
test_1166c,tomatosauce
test_1166d,coffee
test_1167a,corn
test_1167b,tea
test_1167c,vinegar
test_1167d,vinegar
test_1168a,jam
test_1168b,jam
test_1168c,soda
test_1168d,cake
test_1169a,beans
test_1169b,oil
test_1169c,nuts
test_1169d,fish
test_1170a,juice
test_1170b,spices
test_1170c,candy
test_1170d,pasta
test_1171a,chocolate
test_1171b,rice
test_1171c,candy
test_1171d,chips
test_1172a,tea
test_1172b,candy
test_1172c,candy
test_1172d,jam
test_1173a,cereal
test_1173b,spices
test_1173c,sugar
test_1173d,coffee
test_1174a,beans
test_1174b,candy
test_1174c,cereal
test_1174d,juice
test_1175a,vinegar
test_1175b,coffee
test_1175c,cake
test_1175d,honey
test_1176a,spices
test_1176b,chocolate
test_1176c,vinegar
test_1176d,tomatosauce
test_1177a,milk
test_1177b,chips
test_1177c,soda
test_1177d,soda
test_1178a,tomatosauce
test_1178b,candy
test_1178c,jam
test_1178d,tomatosauce
test_1179a,honey
test_1179b,jam
test_1179c,coffee
test_1179d,nuts
test_1180a,tea
test_1180b,candy
test_1180c,vinegar
test_1180d,jam
test_1181a,spices
test_1181b,coffee
test_1181c,soda
test_1181d,cake
test_1182a,jam
test_1182b,cake
test_1182c,soda
test_1182d,honey
test_1183a,nuts
test_1183b,water
test_1183c,oil
test_1183d,honey
test_1184a,milk
test_1184b,soda
test_1184c,sugar
test_1184d,candy
test_1185a,chocolate
test_1185b,candy
test_1185c,candy
test_1185d,milk
test_1186a,coffee
test_1186b,coffee
test_1186c,rice
test_1186d,chips
test_1187a,candy
test_1187b,candy
test_1187c,soda
test_1187d,chips
test_1188a,beans
test_1188b,vinegar
test_1188c,jam
test_1188d,tea
test_1189a,cereal
test_1189b,nuts
test_1189c,candy
test_1189d,corn
test_1190a,cereal
test_1190b,tomatosauce
test_1190c,candy
test_1190d,soda
test_1191a,vinegar
test_1191b,jam
test_1191c,nuts
test_1191d,vinegar
test_1192a,milk
test_1192b,tea
test_1192c,honey
test_1192d,nuts
test_1193a,corn
test_1193b,spices
test_1193c,spices
test_1193d,oil
test_1194a,spices
test_1194b,cake
test_1194c,corn
test_1194d,rice
test_1195a,nuts
test_1195b,nuts
test_1195c,cereal
test_1195d,cake
test_1196a,jam
test_1196b,juice
test_1196c,tea
test_1196d,honey
test_1197a,spices
test_1197b,honey
test_1197c,water
test_1197d,spices
test_1198a,nuts
test_1198b,juice
test_1198c,jam
test_1198d,chocolate
test_1199a,honey
test_1199b,pasta
test_1199c,milk
test_1199d,oil
test_1200a,tea
test_1200b,cereal
test_1200c,coffee
test_1200d,beans
test_1201a,nuts
test_1201b,juice
test_1201c,cake
test_1201d,spices
test_1202a,chocolate
test_1202b,coffee
test_1202c,honey
test_1202d,chocolate
test_1203a,coffee
test_1203b,beans
test_1203c,candy
test_1203d,tea
test_1204a,water
test_1204b,water
test_1204c,spices
test_1204d,beans
test_1205a,oil
test_1205b,water
test_1205c,candy
test_1205d,tea
test_1206a,candy
test_1206b,flour
test_1206c,rice
test_1206d,vinegar
test_1207a,tea
test_1207b,milk
test_1207c,soda
test_1207d,candy
test_1208a,honey
test_1208b,milk
test_1208c,tomatosauce
test_1208d,water
test_1209a,nuts
test_1209b,jam
test_1209c,water
test_1209d,coffee
test_1210a,water
test_1210b,coffee
test_1210c,juice
test_1210d,cake
test_1211a,jam
test_1211b,nuts
test_1211c,chocolate
test_1211d,chocolate
test_1212a,soda
test_1212b,coffee
test_1212c,chocolate
test_1212d,jam
test_1213a,milk
test_1213b,coffee
test_1213c,nuts
test_1213d,vinegar
test_1214a,soda
test_1214b,chocolate
test_1214c,vinegar
test_1214d,jam
test_1215a,vinegar
test_1215b,coffee
test_1215c,water
test_1215d,water
test_1216a,vinegar
test_1216b,beans
test_1216c,tea
test_1216d,coffee
test_1217a,cake
test_1217b,tea
test_1217c,candy
test_1217d,jam
test_1218a,juice
test_1218b,soda
test_1218c,candy
test_1218d,flour
test_1219a,coffee
test_1219b,candy
test_1219c,juice
test_1219d,jam
test_1220a,soda
test_1220b,soda
test_1220c,coffee
test_1220d,chips
test_1221a,juice
test_1221b,cereal
test_1221c,coffee
test_1221d,vinegar
test_1222a,candy
test_1222b,cake
test_1222c,tea
test_1222d,juice
test_1223a,flour
test_1223b,juice
test_1223c,cereal
test_1223d,honey
test_1224a,candy
test_1224b,juice
test_1224c,vinegar
test_1224d,jam
test_1225a,vinegar
test_1225b,water
test_1225c,water
test_1225d,corn
test_1226a,honey
test_1226b,candy
test_1226c,candy
test_1226d,tomatosauce
test_1227a,candy
test_1227b,juice
test_1227c,milk
test_1227d,juice
test_1228a,corn
test_1228b,oil
test_1228c,juice
test_1228d,tomatosauce
test_1229a,coffee
test_1229b,vinegar
test_1229c,flour
test_1229d,spices
test_1230a,water
test_1230b,coffee
test_1230c,rice
test_1230d,juice
test_1231a,vinegar
test_1231b,coffee
test_1231c,pasta
test_1231d,oil
test_1232a,chocolate
test_1232b,water
test_1232c,rice
test_1232d,juice
test_1233a,chocolate
test_1233b,chocolate
test_1233c,juice
test_1233d,soda
test_1234a,jam
test_1234b,fish
test_1234c,water
test_1234d,honey
test_1235a,tomatosauce
test_1235b,tea
test_1235c,tomatosauce
test_1235d,pasta
test_1236a,pasta
test_1236b,rice
test_1236c,cereal
test_1236d,jam
test_1237a,vinegar
test_1237b,fish
test_1237c,tomatosauce
test_1237d,pasta
test_1238a,candy
test_1238b,tea
test_1238c,juice
test_1238d,chocolate
test_1239a,chips
test_1239b,juice
test_1239c,cake
test_1239d,juice
test_1240a,jam
test_1240b,cake
test_1240c,spices
test_1240d,chocolate
test_1241a,tea
test_1241b,nuts
test_1241c,milk
test_1241d,chips
test_1242a,beans
test_1242b,soda
test_1242c,chocolate
test_1242d,pasta
test_1243a,candy
test_1243b,rice
test_1243c,water
test_1243d,candy
test_1244a,jam
test_1244b,tea
test_1244c,vinegar
test_1244d,oil
test_1245a,honey
test_1245b,water
test_1245c,juice
test_1245d,tea
test_1246a,nuts
test_1246b,spices
test_1246c,chips
test_1246d,candy
test_1247a,sugar
test_1247b,spices
test_1247c,jam
test_1247d,spices
test_1248a,honey
test_1248b,cake
test_1248c,candy
test_1248d,soda
test_1249a,chips
test_1249b,water
test_1249c,vinegar
test_1249d,spices
test_1250a,water
test_1250b,coffee
test_1250c,honey
test_1250d,honey
test_1251a,candy
test_1251b,water
test_1251c,water
test_1251d,jam
test_1252a,vinegar
test_1252b,coffee
test_1252c,candy
test_1252d,jam
test_1253a,water
test_1253b,vinegar
test_1253c,milk
test_1253d,flour
test_1254a,candy
test_1254b,milk
test_1254c,nuts
test_1254d,soda
test_1255a,pasta
test_1255b,cake
test_1255c,candy
test_1255d,corn
test_1256a,cereal
test_1256b,rice
test_1256c,tomatosauce
test_1256d,corn
test_1257a,tea
test_1257b,milk
test_1257c,jam
test_1257d,candy
test_1258a,soda
test_1258b,honey
test_1258c,coffee
test_1258d,tea
test_1259a,water
test_1259b,tea
test_1259c,vinegar
test_1259d,chips
test_1260a,chips
test_1260b,juice
test_1260c,milk
test_1260d,spices
test_1261a,chips
test_1261b,tomatosauce
test_1261c,candy
test_1261d,spices
test_1262a,cereal
test_1262b,candy
test_1262c,chips
test_1262d,soda
test_1263a,spices
test_1263b,vinegar
test_1263c,spices
test_1263d,coffee
test_1264a,chocolate
test_1264b,cereal
test_1264c,tea
test_1264d,beans
test_1265a,jam
test_1265b,chips
test_1265c,coffee
test_1265d,chocolate
test_1266a,tomatosauce
test_1266b,vinegar
test_1266c,sugar
test_1266d,nuts
test_1267a,cake
test_1267b,candy
test_1267c,nuts
test_1267d,chocolate
test_1268a,juice
test_1268b,jam
test_1268c,corn
test_1268d,honey
test_1269a,tomatosauce
test_1269b,spices
test_1269c,chocolate
test_1269d,coffee
test_1270a,jam
test_1270b,soda
test_1270c,candy
test_1270d,water
test_1271a,fish
test_1271b,juice
test_1271c,honey
test_1271d,coffee
test_1272a,water
test_1272b,jam
test_1272c,cereal
test_1272d,coffee
test_1273a,oil
test_1273b,fish
test_1273c,tea
test_1273d,flour
test_1274a,milk
test_1274b,tomatosauce
test_1274c,nuts
test_1274d,spices
test_1275a,jam
test_1275b,vinegar
test_1275c,nuts
test_1275d,tea
test_1276a,nuts
test_1276b,coffee
test_1276c,jam
test_1276d,cereal
test_1277a,tea
test_1277b,oil
test_1277c,milk
test_1277d,candy
test_1278a,candy
test_1278b,chips
test_1278c,milk
test_1278d,chocolate
test_1279a,rice
test_1279b,candy
test_1279c,candy
test_1279d,water
test_1280a,coffee
test_1280b,coffee
test_1280c,vinegar
test_1280d,pasta
test_1281a,coffee
test_1281b,water
test_1281c,water
test_1281d,oil
test_1282a,juice
test_1282b,honey
test_1282c,chocolate
test_1282d,cereal
test_1283a,juice
test_1283b,sugar
test_1283c,spices
test_1283d,rice
test_1284a,nuts
test_1284b,vinegar
test_1284c,honey
test_1284d,juice
test_1285a,tomatosauce
test_1285b,fish
test_1285c,coffee
test_1285d,milk
test_1286a,tomatosauce
test_1286b,vinegar
test_1286c,chocolate
test_1286d,oil
test_1287a,chocolate
test_1287b,cereal
test_1287c,nuts
test_1287d,candy
test_1288a,vinegar
test_1288b,coffee
test_1288c,juice
test_1288d,cereal
test_1289a,nuts
test_1289b,spices
test_1289c,flour
test_1289d,juice
test_1290a,milk
test_1290b,oil
test_1290c,water
test_1290d,chocolate
test_1291a,cereal
test_1291b,milk
test_1291c,fish
test_1291d,candy
test_1292a,chips
test_1292b,chocolate
test_1292c,coffee
test_1292d,cake
test_1293a,water
test_1293b,coffee
test_1293c,candy
test_1293d,spices
test_1294a,spices
test_1294b,nuts
test_1294c,cereal
test_1294d,milk
test_1295a,chips
test_1295b,milk
test_1295c,chips
test_1295d,spices
test_1296a,tomatosauce
test_1296b,tea
test_1296c,coffee
test_1296d,vinegar
test_1297a,tea
test_1297b,honey
test_1297c,honey
test_1297d,jam
test_1298a,flour
test_1298b,honey
test_1298c,vinegar
test_1298d,candy
test_1299a,cake
test_1299b,tea
test_1299c,jam
test_1299d,juice
test_1300a,vinegar
test_1300b,chips
test_1300c,water
test_1300d,pasta
test_1301a,honey
test_1301b,tea
test_1301c,chips
test_1301d,honey
test_1302a,chocolate
test_1302b,juice
test_1302c,jam
test_1302d,coffee
test_1303a,water
test_1303b,water
test_1303c,chips
test_1303d,jam
test_1304a,soda
test_1304b,tea
test_1304c,soda
test_1304d,cake
test_1305a,chocolate
test_1305b,cake
test_1305c,juice
test_1305d,rice
test_1306a,juice
test_1306b,jam
test_1306c,pasta
test_1306d,candy
test_1307a,corn
test_1307b,tomatosauce
test_1307c,coffee
test_1307d,candy
test_1308a,milk
test_1308b,cereal
test_1308c,cereal
test_1308d,vinegar
test_1309a,rice
test_1309b,tea
test_1309c,candy
test_1309d,chocolate
test_1310a,juice
test_1310b,jam
test_1310c,jam
test_1310d,jam
test_1311a,vinegar
test_1311b,juice
test_1311c,oil
test_1311d,water
test_1312a,beans
test_1312b,spices
test_1312c,tea
test_1312d,milk
test_1313a,juice
test_1313b,honey
test_1313c,soda
test_1313d,spices
test_1314a,vinegar
test_1314b,beans
test_1314c,tea
test_1314d,chocolate
test_1315a,tea
test_1315b,chocolate
test_1315c,tomatosauce
test_1315d,water
test_1316a,honey
test_1316b,tea
test_1316c,flour
test_1316d,chocolate
test_1317a,jam
test_1317b,vinegar
test_1317c,coffee
test_1317d,tea
test_1318a,chocolate
test_1318b,beans
test_1318c,candy
test_1318d,flour
test_1319a,coffee
test_1319b,jam
test_1319c,beans
test_1319d,chips
test_1320a,juice
test_1320b,juice
test_1320c,vinegar
test_1320d,tea
test_1321a,nuts
test_1321b,candy
test_1321c,jam
test_1321d,tomatosauce
test_1322a,corn
test_1322b,soda
test_1322c,nuts
test_1322d,nuts
test_1323a,cereal
test_1323b,honey
test_1323c,cereal
test_1323d,cake
test_1324a,juice
test_1324b,cereal
test_1324c,vinegar
test_1324d,beans
test_1325a,nuts
test_1325b,cereal
test_1325c,cereal
test_1325d,sugar
test_1326a,vinegar
test_1326b,tea
test_1326c,beans
test_1326d,flour
test_1327a,vinegar
test_1327b,spices
test_1327c,nuts
test_1327d,water
test_1328a,tea
test_1328b,tea
test_1328c,nuts
test_1328d,water
test_1329a,jam
test_1329b,cereal
test_1329c,soda
test_1329d,pasta
test_1330a,corn
test_1330b,sugar
test_1330c,chips
test_1330d,soda
test_1331a,pasta
test_1331b,chocolate
test_1331c,jam
test_1331d,jam
test_1332a,nuts
test_1332b,chocolate
test_1332c,cereal
test_1332d,cereal
test_1333a,fish
test_1333b,soda
test_1333c,spices
test_1333d,pasta
test_1334a,chocolate
test_1334b,candy
test_1334c,coffee
test_1334d,tea
test_1335a,nuts
test_1335b,soda
test_1335c,nuts
test_1335d,cereal
test_1336a,cake
test_1336b,jam
test_1336c,coffee
test_1336d,nuts
test_1337a,beans
test_1337b,soda
test_1337c,spices
test_1337d,spices
test_1338a,spices
test_1338b,coffee
test_1338c,honey
test_1338d,fish
test_1339a,rice
test_1339b,oil
test_1339c,beans
test_1339d,cereal
test_1340a,coffee
test_1340b,nuts
test_1340c,honey
test_1340d,cake
test_1341a,flour
test_1341b,cereal
test_1341c,chips
test_1341d,juice
test_1342a,chips
test_1342b,chocolate
test_1342c,tomatosauce
test_1342d,oil
test_1343a,cereal
test_1343b,juice
test_1343c,rice
test_1343d,rice
test_1344a,rice
test_1344b,flour
test_1344c,tea
test_1344d,juice
test_1345a,beans
test_1345b,corn
test_1345c,water
test_1345d,milk
test_1346a,coffee
test_1346b,coffee
test_1346c,nuts
test_1346d,juice
test_1347a,candy
test_1347b,beans
test_1347c,fish
test_1347d,chips
test_1348a,milk
test_1348b,beans
test_1348c,cereal
test_1348d,corn
test_1349a,rice
test_1349b,cereal
test_1349c,tomatosauce
test_1349d,honey
test_1350a,flour
test_1350b,flour
test_1350c,vinegar
test_1350d,flour
test_1351a,jam
test_1351b,milk
test_1351c,tomatosauce
test_1351d,oil
test_1352a,milk
test_1352b,water
test_1352c,tomatosauce
test_1352d,fish
test_1353a,chocolate
test_1353b,coffee
test_1353c,cake
test_1353d,cereal
test_1354a,tomatosauce
test_1354b,tea
test_1354c,vinegar
test_1354d,sugar
test_1355a,water
test_1355b,juice
test_1355c,water
test_1355d,coffee
test_1356a,cereal
test_1356b,juice
test_1356c,candy
test_1356d,cereal
test_1357a,cereal
test_1357b,jam
test_1357c,soda
test_1357d,jam
test_1358a,chips
test_1358b,candy
test_1358c,corn
test_1358d,corn
test_1359a,fish
test_1359b,tomatosauce
test_1359c,coffee
test_1359d,sugar
test_1360a,milk
test_1360b,coffee
test_1360c,oil
test_1360d,milk
test_1361a,chocolate
test_1361b,beans
test_1361c,juice
test_1361d,chocolate
test_1362a,chocolate
test_1362b,honey
test_1362c,sugar
test_1362d,jam
test_1363a,vinegar
test_1363b,candy
test_1363c,beans
test_1363d,oil
test_1364a,cereal
test_1364b,sugar
test_1364c,cake
test_1364d,oil
test_1365a,honey
test_1365b,corn
test_1365c,tea
test_1365d,tea
test_1366a,corn
test_1366b,soda
test_1366c,cereal
test_1366d,juice
test_1367a,tea
test_1367b,coffee
test_1367c,chocolate
test_1367d,candy
test_1368a,soda
test_1368b,coffee
test_1368c,rice
test_1368d,coffee
test_1369a,spices
test_1369b,fish
test_1369c,vinegar
test_1369d,jam
test_1370a,juice
test_1370b,beans
test_1370c,water
test_1370d,candy
test_1371a,tomatosauce
test_1371b,juice
test_1371c,oil
test_1371d,soda
test_1372a,tea
test_1372b,tea
test_1372c,chocolate
test_1372d,honey
test_1373a,milk
test_1373b,tea
test_1373c,spices
test_1373d,juice
test_1374a,soda
test_1374b,water
test_1374c,tomatosauce
test_1374d,honey
test_1375a,candy
test_1375b,nuts
test_1375c,candy
test_1375d,nuts
test_1376a,beans
test_1376b,juice
test_1376c,chocolate
test_1376d,tomatosauce
test_1377a,spices
test_1377b,tomatosauce
test_1377c,vinegar
test_1377d,water
test_1378a,honey
test_1378b,tomatosauce
test_1378c,fish
test_1378d,milk
test_1379a,pasta
test_1379b,vinegar
test_1379c,milk
test_1379d,coffee
test_1380a,fish
test_1380b,tea
test_1380c,coffee
test_1380d,soda
test_1381a,coffee
test_1381b,cereal
test_1381c,tea
test_1381d,candy
test_1382a,spices
test_1382b,coffee
test_1382c,rice
test_1382d,cereal
test_1383a,cereal
test_1383b,jam
test_1383c,milk
test_1383d,sugar
test_1384a,flour
test_1384b,tea
test_1384c,cake
test_1384d,sugar
test_1385a,coffee
test_1385b,cereal
test_1385c,candy
test_1385d,rice
test_1386a,jam
test_1386b,tea
test_1386c,cake
test_1386d,spices
test_1387a,vinegar
test_1387b,oil
test_1387c,soda
test_1387d,milk
test_1388a,tea
test_1388b,chocolate
test_1388c,tea
test_1388d,tomatosauce
test_1389a,rice
test_1389b,cake
test_1389c,sugar
test_1389d,candy
test_1390a,spices
test_1390b,nuts
test_1390c,beans
test_1390d,beans
test_1391a,water
test_1391b,cereal
test_1391c,spices
test_1391d,coffee
test_1392a,nuts
test_1392b,nuts
test_1392c,milk
test_1392d,candy
test_1393a,tea
test_1393b,jam
test_1393c,soda
test_1393d,milk
test_1394a,spices
test_1394b,coffee
test_1394c,cereal
test_1394d,chocolate
test_1395a,milk
test_1395b,chips
test_1395c,spices
test_1395d,spices
test_1396a,oil
test_1396b,jam
test_1396c,beans
test_1396d,flour
test_1397a,beans
test_1397b,vinegar
test_1397c,coffee
test_1397d,honey
test_1398a,flour
test_1398b,soda
test_1398c,corn
test_1398d,juice
test_1399a,candy
test_1399b,water
test_1399c,vinegar
test_1399d,coffee
test_1400a,candy
test_1400b,tea
test_1400c,corn
test_1400d,honey
test_1401a,tea
test_1401b,soda
test_1401c,tea
test_1401d,candy
test_1402a,flour
test_1402b,jam
test_1402c,juice
test_1402d,tea
test_1403a,cake
test_1403b,milk
test_1403c,spices
test_1403d,nuts
test_1404a,rice
test_1404b,cake
test_1404c,juice
test_1404d,cake
test_1405a,milk
test_1405b,milk
test_1405c,spices
test_1405d,cake
test_1406a,coffee
test_1406b,cake
test_1406c,candy
test_1406d,tea
test_1407a,pasta
test_1407b,chocolate
test_1407c,beans
test_1407d,pasta
test_1408a,nuts
test_1408b,corn
test_1408c,juice
test_1408d,cake
test_1409a,juice
test_1409b,sugar
test_1409c,coffee
test_1409d,cereal
test_1410a,corn
test_1410b,honey
test_1410c,jam
test_1410d,juice
test_1411a,tea
test_1411b,fish
test_1411c,vinegar
test_1411d,cereal
test_1412a,coffee
test_1412b,vinegar
test_1412c,coffee
test_1412d,candy
test_1413a,sugar
test_1413b,fish
test_1413c,spices
test_1413d,nuts
test_1414a,chips
test_1414b,honey
test_1414c,oil
test_1414d,chocolate
test_1415a,rice
test_1415b,juice
test_1415c,nuts
test_1415d,candy
test_1416a,cake
test_1416b,nuts
test_1416c,milk
test_1416d,pasta
test_1417a,spices
test_1417b,tomatosauce
test_1417c,milk
test_1417d,cake
test_1418a,tea
test_1418b,chips
test_1418c,fish
test_1418d,corn
test_1419a,cake
test_1419b,cereal
test_1419c,vinegar
test_1419d,nuts
test_1420a,cereal
test_1420b,pasta
test_1420c,rice
test_1420d,juice
test_1421a,rice
test_1421b,chocolate
test_1421c,juice
test_1421d,nuts
test_1422a,chips
test_1422b,water
test_1422c,vinegar
test_1422d,honey
test_1423a,flour
test_1423b,cereal
test_1423c,juice
test_1423d,honey
test_1424a,fish
test_1424b,juice
test_1424c,spices
test_1424d,nuts
test_1425a,cake
test_1425b,water
test_1425c,soda
test_1425d,water
test_1426a,coffee
test_1426b,candy
test_1426c,honey
test_1426d,candy
test_1427a,tea
test_1427b,juice
test_1427c,tomatosauce
test_1427d,oil
test_1428a,candy
test_1428b,jam
test_1428c,cereal
test_1428d,tea
test_1429a,soda
test_1429b,flour
test_1429c,water
test_1429d,chocolate
test_1430a,tomatosauce
test_1430b,cake
test_1430c,juice
test_1430d,coffee
test_1431a,chips
test_1431b,cake
test_1431c,candy
test_1431d,spices
test_1432a,nuts
test_1432b,tea
test_1432c,honey
test_1432d,tea
